#;Transponder Type:;Transponder Code:;Date:;Time:;Event:;Unit #:;Antenna #:;Memo:;Custom:
0;Trovan Unique;00079ABB95;05.06.2018;13:26:29;;0;-;;
1;Trovan Unique;00079ABB95;05.06.2018;13:26:30;;0;-;;
2;Trovan Unique;00075B6FB1;05.06.2018;21:47:58;;0;-;;
3;Trovan Unique;0006B38E37;05.06.2018;21:49:08;;0;-;;
4;Trovan Unique;000783C9A5;05.06.2018;21:50:49;;0;-;;
5;Trovan Unique;0006CC35A6;05.06.2018;21:51:03;;0;-;;
6;Trovan Unique;0006B397F6;05.06.2018;21:54:28;;0;-;;
7;Trovan Unique;0006B397F6;05.06.2018;21:54:29;;0;-;;
8;Trovan Unique;00075B2A5D;05.06.2018;21:54:40;;0;-;;
9;Trovan Unique;00075CE5CF;05.06.2018;21:55:05;;0;-;;
10;Trovan Unique;0006B39027;05.06.2018;21:55:53;;0;-;;
11;Trovan Unique;00075D701D;05.06.2018;21:57:59;;0;-;;
12;Trovan Unique;00075D0BFD;05.06.2018;21:59:12;;0;-;;
13;Trovan Unique;0006B34E3F;05.06.2018;21:59:32;;0;-;;
14;Trovan Unique;0006B34E3F;05.06.2018;21:59:33;;0;-;;
15;Trovan Unique;0006B38502;05.06.2018;22:00:17;;0;-;;
16;Trovan Unique;0006CC3B21;05.06.2018;22:01:16;;0;-;;
17;Trovan Unique;00075D12AA;05.06.2018;22:01:30;;0;-;;
18;Trovan Unique;0006B37F93;05.06.2018;22:03:20;;0;-;;
19;Trovan Unique;0006B3A610;05.06.2018;22:05:53;;0;-;;
20;Trovan Unique;000783C9A5;05.06.2018;22:06:08;;0;-;;
21;Trovan Unique;0006B371D7;05.06.2018;22:09:13;;0;-;;
22;Trovan Unique;0006B34E85;05.06.2018;22:09:14;;0;-;;
23;Trovan Unique;0006B39D6F;05.06.2018;22:09:17;;0;-;;
24;Trovan Unique;00075CE5CF;05.06.2018;22:11:28;;0;-;;
25;Trovan Unique;00075B67A9;05.06.2018;22:11:30;;0;-;;
26;Trovan Unique;0006CC2D08;05.06.2018;22:11:36;;0;-;;
27;Trovan Unique;0006B397F6;05.06.2018;22:12:07;;0;-;;
28;Trovan Unique;0006B397F6;05.06.2018;22:13:44;;0;-;;
29;Trovan Unique;0006B371D7;05.06.2018;22:14:54;;0;-;;
30;Trovan Unique;00075D12AA;05.06.2018;22:16:06;;0;-;;
31;Trovan Unique;00075D12AA;05.06.2018;22:16:07;;0;-;;
32;Trovan Unique;00075D12AA;05.06.2018;22:16:08;;0;-;;
33;Trovan Unique;00075D12AA;05.06.2018;22:16:08;;0;-;;
34;Trovan Unique;0006B387FA;05.06.2018;22:16:37;;0;-;;
35;Trovan Unique;0006CC1F85;05.06.2018;22:21:07;;0;-;;
36;Trovan Unique;0006B391E1;05.06.2018;22:21:29;;0;-;;
37;Trovan Unique;0006B391E1;05.06.2018;22:21:30;;0;-;;
38;Trovan Unique;0006B391E1;05.06.2018;22:21:30;;0;-;;
39;Trovan Unique;0006CC1F85;05.06.2018;22:21:59;;0;-;;
40;Trovan Unique;0006B371D7;05.06.2018;22:22:23;;0;-;;
41;Trovan Unique;0006B371D7;05.06.2018;22:22:23;;0;-;;
42;Trovan Unique;0006B371D7;05.06.2018;22:22:26;;0;-;;
43;Trovan Unique;0006B371D7;05.06.2018;22:22:29;;0;-;;
44;Trovan Unique;0006B371D7;05.06.2018;22:22:30;;0;-;;
45;Trovan Unique;0006B371D7;05.06.2018;22:22:31;;0;-;;
46;Trovan Unique;0006B39D6F;05.06.2018;22:28:18;;0;-;;
47;Trovan Unique;0006CC1F85;05.06.2018;22:28:23;;0;-;;
48;Trovan Unique;0006CC1F85;05.06.2018;22:28:24;;0;-;;
49;Trovan Unique;00075B2A5D;05.06.2018;22:30:58;;0;-;;
50;Trovan Unique;00075B2A5D;05.06.2018;22:31:01;;0;-;;
51;Trovan Unique;00075B2A5D;05.06.2018;22:31:02;;0;-;;
52;Trovan Unique;00075B2A5D;05.06.2018;22:31:03;;0;-;;
53;Trovan Unique;00075B2A5D;05.06.2018;22:31:04;;0;-;;
54;Trovan Unique;00075B2A5D;05.06.2018;22:31:08;;0;-;;
55;Trovan Unique;00075B2A5D;05.06.2018;22:31:13;;0;-;;
56;Trovan Unique;00075B2A5D;05.06.2018;22:31:17;;0;-;;
57;Trovan Unique;00075B2A5D;05.06.2018;22:31:18;;0;-;;
58;Trovan Unique;00075B2A5D;05.06.2018;22:31:19;;0;-;;
59;Trovan Unique;00075B2A5D;05.06.2018;22:31:20;;0;-;;
60;Trovan Unique;00075B2A5D;05.06.2018;22:31:21;;0;-;;
61;Trovan Unique;00075B2A5D;05.06.2018;22:31:21;;0;-;;
62;Trovan Unique;00075B2A5D;05.06.2018;22:31:24;;0;-;;
63;Trovan Unique;00075B2A5D;05.06.2018;22:31:25;;0;-;;
64;Trovan Unique;00075B2A5D;05.06.2018;22:31:26;;0;-;;
65;Trovan Unique;00075B2A5D;05.06.2018;22:31:27;;0;-;;
66;Trovan Unique;00075B2A5D;05.06.2018;22:31:28;;0;-;;
67;Trovan Unique;00075B2A5D;05.06.2018;22:31:29;;0;-;;
68;Trovan Unique;00075B2A5D;05.06.2018;22:31:30;;0;-;;
69;Trovan Unique;00075B2A5D;05.06.2018;22:31:31;;0;-;;
70;Trovan Unique;00075B2A5D;05.06.2018;22:31:31;;0;-;;
71;Trovan Unique;00075B2A5D;05.06.2018;22:31:32;;0;-;;
72;Trovan Unique;00075B2A5D;05.06.2018;22:31:34;;0;-;;
73;Trovan Unique;00075B2A5D;05.06.2018;22:31:35;;0;-;;
74;Trovan Unique;00075B2A5D;05.06.2018;22:31:36;;0;-;;
75;Trovan Unique;0006B39D6F;05.06.2018;22:32:05;;0;-;;
76;Trovan Unique;0006B39D6F;05.06.2018;22:32:09;;0;-;;
77;Trovan Unique;00075B2A5D;05.06.2018;22:32:10;;0;-;;
78;Trovan Unique;00075B2A5D;05.06.2018;22:32:11;;0;-;;
79;Trovan Unique;00075B2A5D;05.06.2018;22:32:12;;0;-;;
80;Trovan Unique;00075B2A5D;05.06.2018;22:32:13;;0;-;;
81;Trovan Unique;00075B2A5D;05.06.2018;22:32:14;;0;-;;
82;Trovan Unique;0006CC1F85;05.06.2018;22:34:45;;0;-;;
83;Trovan Unique;00075D12AA;05.06.2018;22:34:50;;0;-;;
84;Trovan Unique;00075D12AA;05.06.2018;22:34:50;;0;-;;
85;Trovan Unique;0006CC3B21;05.06.2018;22:35:11;;0;-;;
86;Trovan Unique;0006CC1F85;05.06.2018;22:35:51;;0;-;;
87;Trovan Unique;0006CC1F85;05.06.2018;22:35:52;;0;-;;
88;Trovan Unique;0006B38502;05.06.2018;22:37:29;;0;-;;
89;Trovan Unique;0006CC3B21;05.06.2018;22:40:50;;0;-;;
90;Trovan Unique;0006CC3B21;05.06.2018;22:40:52;;0;-;;
91;Trovan Unique;0006CC3B21;05.06.2018;22:40:53;;0;-;;
92;Trovan Unique;0006CC3B21;05.06.2018;22:40:54;;0;-;;
93;Trovan Unique;0006CC3B21;05.06.2018;22:40:55;;0;-;;
94;Trovan Unique;0006CC3B21;05.06.2018;22:40:56;;0;-;;
95;Trovan Unique;0006CC3B21;05.06.2018;22:40:56;;0;-;;
96;Trovan Unique;0006B371D7;05.06.2018;22:41:01;;0;-;;
97;Trovan Unique;00075CE5CF;05.06.2018;22:49:14;;0;-;;
98;Trovan Unique;00071E3992;05.06.2018;22:56:10;;0;-;;
99;Trovan Unique;00075CE5CF;05.06.2018;22:56:19;;0;-;;
100;Trovan Unique;00075B2A5D;05.06.2018;22:56:25;;0;-;;
101;Trovan Unique;00075B2A5D;05.06.2018;22:56:27;;0;-;;
102;Trovan Unique;00075B2A5D;05.06.2018;22:56:31;;0;-;;
103;Trovan Unique;0006B3B2B6;05.06.2018;22:57:43;;0;-;;
104;Trovan Unique;0006B3B2B6;05.06.2018;22:57:44;;0;-;;
105;Trovan Unique;0006B38502;05.06.2018;22:57:49;;0;-;;
106;Trovan Unique;00071E3992;05.06.2018;22:58:04;;0;-;;
107;Trovan Unique;00071E3992;05.06.2018;22:58:05;;0;-;;
108;Trovan Unique;0006CC35A6;05.06.2018;22:59:11;;0;-;;
109;Trovan Unique;0006CC35A6;05.06.2018;22:59:12;;0;-;;
110;Trovan Unique;00075B2A5D;05.06.2018;23:01:08;;0;-;;
111;Trovan Unique;0006B354E6;05.06.2018;23:02:21;;0;-;;
112;Trovan Unique;0006B354E6;05.06.2018;23:02:22;;0;-;;
113;Trovan Unique;0006B38502;05.06.2018;23:04:34;;0;-;;
114;Trovan Unique;0006B38502;05.06.2018;23:07:21;;0;-;;
115;Trovan Unique;0006CC3BE1;05.06.2018;23:08:33;;0;-;;
116;Trovan Unique;0006B38502;05.06.2018;23:09:03;;0;-;;
117;Trovan Unique;0006B38502;05.06.2018;23:09:05;;0;-;;
118;Trovan Unique;0006CC3BE1;05.06.2018;23:09:08;;0;-;;
119;Trovan Unique;00075B2A5D;05.06.2018;23:09:57;;0;-;;
120;Trovan Unique;00075B2A5D;05.06.2018;23:09:58;;0;-;;
121;Trovan Unique;00075D0BFD;05.06.2018;23:10:03;;0;-;;
122;Trovan Unique;0006B38E37;05.06.2018;23:12:46;;0;-;;
123;Trovan Unique;00075CDD9A;05.06.2018;23:13:53;;0;-;;
124;Trovan Unique;00075CDD9A;05.06.2018;23:15:01;;0;-;;
125;Trovan Unique;00075D701D;05.06.2018;23:15:02;;0;-;;
126;Trovan Unique;00075CDD9A;05.06.2018;23:16:42;;0;-;;
127;Trovan Unique;00075CDD9A;05.06.2018;23:17:22;;0;-;;
128;Trovan Unique;00075CDD9A;05.06.2018;23:17:23;;0;-;;
129;Trovan Unique;0006CC1F85;05.06.2018;23:18:41;;0;-;;
130;Trovan Unique;0006CC1F85;05.06.2018;23:18:42;;0;-;;
131;Trovan Unique;00075D701D;05.06.2018;23:18:44;;0;-;;
132;Trovan Unique;0006B39302;05.06.2018;23:19:06;;0;-;;
133;Trovan Unique;0006B38E37;05.06.2018;23:19:17;;0;-;;
134;Trovan Unique;0006B39302;05.06.2018;23:19:20;;0;-;;
135;Trovan Unique;00075D701D;05.06.2018;23:19:25;;0;-;;
136;Trovan Unique;0006B38E37;05.06.2018;23:29:35;;0;-;;
137;Trovan Unique;0006B38E37;05.06.2018;23:29:36;;0;-;;
138;Trovan Unique;00075CDD9A;05.06.2018;23:31:57;;0;-;;
139;Trovan Unique;0006B39BBE;05.06.2018;23:32:01;;0;-;;
140;Trovan Unique;0006B354E6;05.06.2018;23:32:30;;0;-;;
141;Trovan Unique;0006CC1F85;05.06.2018;23:33:27;;0;-;;
142;Trovan Unique;00075D701D;05.06.2018;23:34:23;;0;-;;
143;Trovan Unique;00075D701D;05.06.2018;23:34:24;;0;-;;
144;Trovan Unique;00075D701D;05.06.2018;23:34:25;;0;-;;
145;Trovan Unique;0006B387FA;05.06.2018;23:34:26;;0;-;;
146;Trovan Unique;00075D701D;05.06.2018;23:34:31;;0;-;;
147;Trovan Unique;00075CDD9A;05.06.2018;23:38:18;;0;-;;
148;Trovan Unique;0006B39027;05.06.2018;23:39:17;;0;-;;
149;Trovan Unique;0006B387FA;05.06.2018;23:42:30;;0;-;;
150;Trovan Unique;0006B387FA;05.06.2018;23:42:31;;0;-;;
151;Trovan Unique;0006B387FA;05.06.2018;23:42:32;;0;-;;
152;Trovan Unique;0006CC1F85;05.06.2018;23:43:49;;0;-;;
153;Trovan Unique;0006CC1F85;05.06.2018;23:43:49;;0;-;;
154;Trovan Unique;0006B391E1;05.06.2018;23:43:51;;0;-;;
155;Trovan Unique;0006B39302;05.06.2018;23:44:16;;0;-;;
156;Trovan Unique;0006B3BF50;05.06.2018;23:45:20;;0;-;;
157;Trovan Unique;0006B391E1;05.06.2018;23:46:39;;0;-;;
158;Trovan Unique;0006B391E1;05.06.2018;23:46:40;;0;-;;
159;Trovan Unique;0006B391E1;05.06.2018;23:46:40;;0;-;;
160;Trovan Unique;0006B391E1;05.06.2018;23:46:41;;0;-;;
161;Trovan Unique;0006B391E1;05.06.2018;23:46:42;;0;-;;
162;Trovan Unique;0006B391E1;05.06.2018;23:46:45;;0;-;;
163;Trovan Unique;0006B391E1;05.06.2018;23:46:46;;0;-;;
164;Trovan Unique;0006B391E1;05.06.2018;23:46:46;;0;-;;
165;Trovan Unique;0006B391E1;05.06.2018;23:46:48;;0;-;;
166;Trovan Unique;0006B391E1;05.06.2018;23:46:49;;0;-;;
167;Trovan Unique;0006B391E1;05.06.2018;23:46:50;;0;-;;
168;Trovan Unique;0006B391E1;05.06.2018;23:46:51;;0;-;;
169;Trovan Unique;0006B3BF50;05.06.2018;23:47:14;;0;-;;
170;Trovan Unique;0006B3BF50;05.06.2018;23:47:15;;0;-;;
171;Trovan Unique;0006B35DA1;05.06.2018;23:47:53;;0;-;;
172;Trovan Unique;0006B3BF50;05.06.2018;23:48:29;;0;-;;
173;Trovan Unique;0006B373AA;05.06.2018;23:48:46;;0;-;;
174;Trovan Unique;0006B373AA;05.06.2018;23:48:47;;0;-;;
175;Trovan Unique;0006CC1F19;05.06.2018;23:48:56;;0;-;;
176;Trovan Unique;0006CC1F19;05.06.2018;23:49:44;;0;-;;
177;Trovan Unique;0006CC1F19;05.06.2018;23:49:48;;0;-;;
178;Trovan Unique;0006CC1F19;05.06.2018;23:49:49;;0;-;;
179;Trovan Unique;0006CC1F19;05.06.2018;23:49:55;;0;-;;
180;Trovan Unique;0006CC1F19;05.06.2018;23:49:57;;0;-;;
181;Trovan Unique;0006CC1F19;05.06.2018;23:49:58;;0;-;;
182;Trovan Unique;0006CC1F19;05.06.2018;23:49:59;;0;-;;
183;Trovan Unique;0006B39302;05.06.2018;23:51:11;;0;-;;
184;Trovan Unique;0006B3BF50;05.06.2018;23:51:31;;0;-;;
185;Trovan Unique;0006B3BF50;05.06.2018;23:51:32;;0;-;;
186;Trovan Unique;0006CC1F19;05.06.2018;23:51:37;;0;-;;
187;Trovan Unique;0006B391E1;05.06.2018;23:52:01;;0;-;;
188;Trovan Unique;0006B391E1;05.06.2018;23:52:02;;0;-;;
189;Trovan Unique;0006CC3D93;05.06.2018;23:53:05;;0;-;;
190;Trovan Unique;0006B35DA1;05.06.2018;23:54:30;;0;-;;
191;Trovan Unique;0006B35F23;05.06.2018;23:54:52;;0;-;;
192;Trovan Unique;0006B34B41;05.06.2018;23:54:56;;0;-;;
193;Trovan Unique;0006B34B41;05.06.2018;23:55:08;;0;-;;
194;Trovan Unique;0006CC3D93;05.06.2018;23:55:52;;0;-;;
195;Trovan Unique;0006B39302;05.06.2018;23:57:30;;0;-;;
196;Trovan Unique;0006B3BF50;05.06.2018;23:57:48;;0;-;;
197;Trovan Unique;0006B35F23;05.06.2018;23:57:56;;0;-;;
198;Trovan Unique;0006B35F23;05.06.2018;23:57:57;;0;-;;
199;Trovan Unique;0006B35F23;05.06.2018;23:57:58;;0;-;;
200;Trovan Unique;0006B354E6;05.06.2018;23:58:06;;0;-;;
201;Trovan Unique;0006B387FA;05.06.2018;23:59:35;;0;-;;
202;Trovan Unique;0006B35DA1;06.06.2018;00:00:18;;0;-;;
203;Trovan Unique;0006B35DA1;06.06.2018;00:00:19;;0;-;;
204;Trovan Unique;0006B35DA1;06.06.2018;00:00:20;;0;-;;
205;Trovan Unique;0006B35DA1;06.06.2018;00:00:20;;0;-;;
206;Trovan Unique;0006B35DA1;06.06.2018;00:00:21;;0;-;;
207;Trovan Unique;0006B387FA;06.06.2018;00:01:49;;0;-;;
208;Trovan Unique;0006B387FA;06.06.2018;00:01:50;;0;-;;
209;Trovan Unique;0006CC35A6;06.06.2018;00:02:37;;0;-;;
210;Trovan Unique;0006CC35A6;06.06.2018;00:02:38;;0;-;;
211;Trovan Unique;0006B3BF50;06.06.2018;00:04:22;;0;-;;
212;Trovan Unique;0006B391E1;06.06.2018;00:04:26;;0;-;;
213;Trovan Unique;0006B391E1;06.06.2018;00:04:27;;0;-;;
214;Trovan Unique;0006B391E1;06.06.2018;00:04:28;;0;-;;
215;Trovan Unique;0006CC1F85;06.06.2018;00:05:02;;0;-;;
216;Trovan Unique;00075B2A5D;06.06.2018;00:05:28;;0;-;;
217;Trovan Unique;00075B2A5D;06.06.2018;00:05:30;;0;-;;
218;Trovan Unique;0006B387FA;06.06.2018;00:05:57;;0;-;;
219;Trovan Unique;0006B387FA;06.06.2018;00:05:58;;0;-;;
220;Trovan Unique;0006B387FA;06.06.2018;00:05:59;;0;-;;
221;Trovan Unique;0006CC3D93;06.06.2018;00:07:42;;0;-;;
222;Trovan Unique;0006CC1F19;06.06.2018;00:11:22;;0;-;;
223;Trovan Unique;0006CC1F19;06.06.2018;00:11:23;;0;-;;
224;Trovan Unique;0006B39302;06.06.2018;00:18:02;;0;-;;
225;Trovan Unique;0006B39027;06.06.2018;00:19:13;;0;-;;
226;Trovan Unique;0006B38BB9;06.06.2018;00:20:50;;0;-;;
227;Trovan Unique;0006B354E6;06.06.2018;00:21:34;;0;-;;
228;Trovan Unique;0006B38BB9;06.06.2018;00:21:48;;0;-;;
229;Trovan Unique;0006B38BB9;06.06.2018;00:21:49;;0;-;;
230;Trovan Unique;0006B39302;06.06.2018;00:21:55;;0;-;;
231;Trovan Unique;0006B38BB9;06.06.2018;00:22:26;;0;-;;
232;Trovan Unique;0006B38BB9;06.06.2018;00:23:10;;0;-;;
233;Trovan Unique;0006B38BB9;06.06.2018;00:23:12;;0;-;;
234;Trovan Unique;0006CC1F19;06.06.2018;00:27:01;;0;-;;
235;Trovan Unique;0006CC1F19;06.06.2018;00:27:02;;0;-;;
236;Trovan Unique;0006B387FA;06.06.2018;00:28:25;;0;-;;
237;Trovan Unique;0006CC1F85;06.06.2018;00:30:31;;0;-;;
238;Trovan Unique;0006CC1F85;06.06.2018;00:30:32;;0;-;;
239;Trovan Unique;00075D701D;06.06.2018;00:31:05;;0;-;;
240;Trovan Unique;0006B36A8D;06.06.2018;00:31:06;;0;-;;
241;Trovan Unique;0006B38BB9;06.06.2018;00:31:19;;0;-;;
242;Trovan Unique;0006B387FA;06.06.2018;00:32:53;;0;-;;
243;Trovan Unique;0006B387FA;06.06.2018;00:32:54;;0;-;;
244;Trovan Unique;0006B387FA;06.06.2018;00:32:55;;0;-;;
245;Trovan Unique;0006B354E6;06.06.2018;00:32:56;;0;-;;
246;Trovan Unique;0006B387FA;06.06.2018;00:32:56;;0;-;;
247;Trovan Unique;0006B387FA;06.06.2018;00:32:57;;0;-;;
248;Trovan Unique;0006B387FA;06.06.2018;00:32:58;;0;-;;
249;Trovan Unique;0006B391E1;06.06.2018;00:33:01;;0;-;;
250;Trovan Unique;000770F700;06.06.2018;00:34:26;;0;-;;
251;Trovan Unique;00075CE5CF;06.06.2018;00:35:52;;0;-;;
252;Trovan Unique;0006B39BBE;06.06.2018;00:37:47;;0;-;;
253;Trovan Unique;0006CC1F19;06.06.2018;00:39:01;;0;-;;
254;Trovan Unique;00075D701D;06.06.2018;00:40:08;;0;-;;
255;Trovan Unique;00075D701D;06.06.2018;00:40:09;;0;-;;
256;Trovan Unique;00075D701D;06.06.2018;00:40:11;;0;-;;
257;Trovan Unique;00075D701D;06.06.2018;00:40:16;;0;-;;
258;Trovan Unique;00075D701D;06.06.2018;00:40:17;;0;-;;
259;Trovan Unique;00075D701D;06.06.2018;00:40:20;;0;-;;
260;Trovan Unique;0006B36A8D;06.06.2018;00:40:49;;0;-;;
261;Trovan Unique;0006B36A8D;06.06.2018;00:40:50;;0;-;;
262;Trovan Unique;000770F700;06.06.2018;00:40:51;;0;-;;
263;Trovan Unique;000770F700;06.06.2018;00:40:51;;0;-;;
264;Trovan Unique;00075D701D;06.06.2018;00:40:53;;0;-;;
265;Trovan Unique;0006B38BB9;06.06.2018;00:42:30;;0;-;;
266;Trovan Unique;0006B38BB9;06.06.2018;00:42:31;;0;-;;
267;Trovan Unique;0006B38BB9;06.06.2018;00:42:32;;0;-;;
268;Trovan Unique;0006CC1F19;06.06.2018;00:44:02;;0;-;;
269;Trovan Unique;0006CC1F19;06.06.2018;00:44:04;;0;-;;
270;Trovan Unique;0006B391E1;06.06.2018;00:46:47;;0;-;;
271;Trovan Unique;0006B391E1;06.06.2018;00:46:48;;0;-;;
272;Trovan Unique;0006B391E1;06.06.2018;00:46:49;;0;-;;
273;Trovan Unique;0006CC1F85;06.06.2018;00:48:28;;0;-;;
274;Trovan Unique;0006CC35A6;06.06.2018;00:48:48;;0;-;;
275;Trovan Unique;0006CC35A6;06.06.2018;00:48:49;;0;-;;
276;Trovan Unique;0006CC35A6;06.06.2018;00:48:50;;0;-;;
277;Trovan Unique;0006CC1F19;06.06.2018;00:48:54;;0;-;;
278;Trovan Unique;00075CDD9A;06.06.2018;00:49:46;;0;-;;
279;Trovan Unique;000770F700;06.06.2018;00:53:17;;0;-;;
280;Trovan Unique;7,88E+18;06.06.2018;00:54:09;;0;-;;
281;Trovan Unique;7,88E+18;06.06.2018;00:54:31;;0;-;;
282;Trovan Unique;7,88E+18;06.06.2018;00:54:32;;0;-;;
283;Trovan Unique;000770F700;06.06.2018;00:55:06;;0;-;;
284;Trovan Unique;000770F700;06.06.2018;00:55:07;;0;-;;
285;Trovan Unique;000770F700;06.06.2018;00:55:08;;0;-;;
286;Trovan Unique;000770F700;06.06.2018;00:55:09;;0;-;;
287;Trovan Unique;000770F700;06.06.2018;00:55:10;;0;-;;
288;Trovan Unique;00075CE5CF;06.06.2018;00:55:31;;0;-;;
289;Trovan Unique;0006B34E85;06.06.2018;00:57:34;;0;-;;
290;Trovan Unique;00075B2A5D;06.06.2018;00:58:12;;0;-;;
291;Trovan Unique;00075B2A5D;06.06.2018;00:58:13;;0;-;;
292;Trovan Unique;0006B39302;06.06.2018;01:00:33;;0;-;;
293;Trovan Unique;0006CC3D93;06.06.2018;01:03:44;;0;-;;
294;Trovan Unique;0006B3B2B6;06.06.2018;01:04:05;;0;-;;
295;Trovan Unique;0006CC1F19;06.06.2018;01:04:17;;0;-;;
296;Trovan Unique;0006B3B2B6;06.06.2018;01:05:17;;0;-;;
297;Trovan Unique;0006B3B2B6;06.06.2018;01:05:18;;0;-;;
298;Trovan Unique;0006B3B2B6;06.06.2018;01:05:19;;0;-;;
299;Trovan Unique;00075D701D;06.06.2018;01:10:22;;0;-;;
300;Trovan Unique;00075D701D;06.06.2018;01:10:23;;0;-;;
301;Trovan Unique;00075CDD9A;06.06.2018;01:10:42;;0;-;;
302;Trovan Unique;0006B38E37;06.06.2018;01:11:33;;0;-;;
303;Trovan Unique;0006B38E37;06.06.2018;01:11:35;;0;-;;
304;Trovan Unique;0006B38E37;06.06.2018;01:11:36;;0;-;;
305;Trovan Unique;0006CC2D08;06.06.2018;01:12:04;;0;-;;
306;Trovan Unique;0006B39302;06.06.2018;01:18:22;;0;-;;
307;Trovan Unique;0006CC1F19;06.06.2018;01:20:24;;0;-;;
308;Trovan Unique;0006CC1F85;06.06.2018;01:22:04;;0;-;;
309;Trovan Unique;00075CE5CF;06.06.2018;01:24:50;;0;-;;
310;Trovan Unique;000786A535;06.06.2018;01:25:10;;0;-;;
311;Trovan Unique;0006CC3B21;06.06.2018;01:25:18;;0;-;;
312;Trovan Unique;0006CC3B21;06.06.2018;01:26:45;;0;-;;
313;Trovan Unique;0006CC3B21;06.06.2018;01:26:46;;0;-;;
314;Trovan Unique;0006CC3B21;06.06.2018;01:26:47;;0;-;;
315;Trovan Unique;00075CE5CF;06.06.2018;01:30:29;;0;-;;
316;Trovan Unique;0006B373AA;06.06.2018;01:32:44;;0;-;;
317;Trovan Unique;0006B373AA;06.06.2018;01:34:04;;0;-;;
318;Trovan Unique;0006B373AA;06.06.2018;01:34:04;;0;-;;
319;Trovan Unique;0006CC08AD;06.06.2018;01:34:28;;0;-;;
320;Trovan Unique;0006CC08AD;06.06.2018;01:34:29;;0;-;;
321;Trovan Unique;0006CC1F19;06.06.2018;01:37:12;;0;-;;
322;Trovan Unique;0006CC1F19;06.06.2018;01:37:13;;0;-;;
323;Trovan Unique;0006CC1F19;06.06.2018;01:37:14;;0;-;;
324;Trovan Unique;0006B391E1;06.06.2018;01:38:32;;0;-;;
325;Trovan Unique;0006B391E1;06.06.2018;01:38:33;;0;-;;
326;Trovan Unique;0006B391E1;06.06.2018;01:38:34;;0;-;;
327;Trovan Unique;0006B391E1;06.06.2018;01:38:35;;0;-;;
328;Trovan Unique;0006B38502;06.06.2018;01:39:15;;0;-;;
329;Trovan Unique;0006B38502;06.06.2018;01:39:16;;0;-;;
330;Trovan Unique;0006B3BF50;06.06.2018;01:50:17;;0;-;;
331;Trovan Unique;0006B38BB9;06.06.2018;01:54:47;;0;-;;
332;Trovan Unique;0006B34B41;06.06.2018;02:04:51;;0;-;;
333;Trovan Unique;0006CC1F85;06.06.2018;02:05:29;;0;-;;
334;Trovan Unique;0006CC1F85;06.06.2018;02:05:30;;0;-;;
335;Trovan Unique;0006CC08AD;06.06.2018;02:05:33;;0;-;;
336;Trovan Unique;0006CC1F85;06.06.2018;02:10:35;;0;-;;
337;Trovan Unique;0006CC1F85;06.06.2018;02:10:36;;0;-;;
338;Trovan Unique;0006B3BF50;06.06.2018;02:12:49;;0;-;;
339;Trovan Unique;0006B3BF50;06.06.2018;02:12:50;;0;-;;
340;Trovan Unique;0006B38BB9;06.06.2018;02:23:13;;0;-;;
341;Trovan Unique;0006B38BB9;06.06.2018;02:23:14;;0;-;;
342;Trovan Unique;0006B38BB9;06.06.2018;02:23:15;;0;-;;
343;Trovan Unique;0006B38BB9;06.06.2018;02:23:16;;0;-;;
344;Trovan Unique;0006B36A8D;06.06.2018;02:23:18;;0;-;;
345;Trovan Unique;0006B354E6;06.06.2018;02:23:52;;0;-;;
346;Trovan Unique;0006B354E6;06.06.2018;02:24:50;;0;-;;
347;Trovan Unique;0006B354E6;06.06.2018;02:24:51;;0;-;;
348;Trovan Unique;0006B354E6;06.06.2018;02:24:52;;0;-;;
349;Trovan Unique;0006CC3D93;06.06.2018;02:30:28;;0;-;;
350;Trovan Unique;00075CDD9A;06.06.2018;02:43:23;;0;-;;
351;Trovan Unique;0006CC1F85;06.06.2018;02:49:18;;0;-;;
352;Trovan Unique;0006CC1F85;06.06.2018;02:53:09;;0;-;;
353;Trovan Unique;00075B2A5D;06.06.2018;03:24:47;;0;-;;
354;Trovan Unique;0006CC3BE1;06.06.2018;04:07:09;;0;-;;
355;Trovan Unique;000783C9A5;06.06.2018;04:11:09;;0;-;;
356;Trovan Unique;0006B3A9DA;06.06.2018;04:11:17;;0;-;;
357;Trovan Unique;0006B3A9DA;06.06.2018;04:13:45;;0;-;;
358;Trovan Unique;0006B34E3F;06.06.2018;04:14:00;;0;-;;
359;Trovan Unique;0006B34E3F;06.06.2018;04:14:01;;0;-;;
360;Trovan Unique;000783C9A5;06.06.2018;04:17:30;;0;-;;
361;Trovan Unique;0006B38BB9;06.06.2018;04:18:52;;0;-;;
362;Trovan Unique;0006B3BF50;06.06.2018;04:22:42;;0;-;;
363;Trovan Unique;0006B3BF50;06.06.2018;04:22:55;;0;-;;
364;Trovan Unique;0006CC2D08;06.06.2018;04:23:52;;0;-;;
365;Trovan Unique;00075D12AA;06.06.2018;04:23:59;;0;-;;
366;Trovan Unique;00075B2A5D;06.06.2018;04:25:21;;0;-;;
367;Trovan Unique;0006B39027;06.06.2018;04:27:11;;0;-;;
368;Trovan Unique;00075D701D;06.06.2018;04:28:59;;0;-;;
369;Trovan Unique;00075B2A5D;06.06.2018;04:30:07;;0;-;;
370;Trovan Unique;00075D701D;06.06.2018;04:30:29;;0;-;;
371;Trovan Unique;0007ABDA1D;06.06.2018;04:31:55;;0;-;;
372;Trovan Unique;00075B2A5D;06.06.2018;04:41:49;;0;-;;
373;Trovan Unique;00075B2A5D;06.06.2018;04:41:50;;0;-;;
374;Trovan Unique;00075B2A5D;06.06.2018;04:41:52;;0;-;;
375;Trovan Unique;00075D701D;06.06.2018;04:43:10;;0;-;;
376;Trovan Unique;00075B6FB1;06.06.2018;04:56:24;;0;-;;
